{
  "210079K": {
    "genome_id": "GCA_001457635.1",
    "total_regions_tested": 1000,
    "promoters_detected": 129,
    "detection_rate": 0.129,
    "score_statistics": {
      "mean": -19.078150975465267,
      "std": 6.419406667462936,
      "max": -7.741099090035548,
      "min": -40.56871548332868
    }
  },
  "210179R": {
    "genome_id": "GCA_019048645.1",
    "total_regions_tested": 1000,
    "promoters_detected": 141,
    "detection_rate": 0.141,
    "score_statistics": {
      "mean": -18.452723449628138,
      "std": 6.036719490284076,
      "max": -7.741099090035548,
      "min": -40.63121629608142
    }
  },
  "210504L": {
    "genome_id": "GCA_900636475.1",
    "total_regions_tested": 1000,
    "promoters_detected": 128,
    "detection_rate": 0.128,
    "score_statistics": {
      "mean": -18.740801622828474,
      "std": 6.143017726578686,
      "max": -7.741099090035548,
      "min": -40.32761834401249
    }
  },
  "210707L": {
    "genome_id": "GCA_900475505.1",
    "total_regions_tested": 1000,
    "promoters_detected": 102,
    "detection_rate": 0.102,
    "score_statistics": {
      "mean": -19.44757026176209,
      "std": 5.975544605351243,
      "max": -7.741099090035548,
      "min": -40.32761834401249
    }
  },
  "210732H": {
    "genome_id": "GCA_019046945.1",
    "total_regions_tested": 1000,
    "promoters_detected": 143,
    "detection_rate": 0.143,
    "score_statistics": {
      "mean": -18.686294998191443,
      "std": 6.134763752551861,
      "max": -7.741099090035548,
      "min": -40.32761834401249
    }
  }
}