{
  "210079K": {
    "genome_id": "GCA_001457635.1",
    "total_regions_tested": 1000,
    "promoters_detected": 313,
    "detection_rate": 0.313,
    "score_statistics": {
      "mean": -16.482850031493864,
      "std": 6.730041596230163,
      "max": -0.48770320634513675,
      "min": -43.411016806246174
    }
  },
  "210179R": {
    "genome_id": "GCA_019048645.1",
    "total_regions_tested": 1000,
    "promoters_detected": 365,
    "detection_rate": 0.365,
    "score_statistics": {
      "mean": -15.299571110253678,
      "std": 6.70228100148583,
      "max": -0.32558435686870135,
      "min": -43.54204506865258
    }
  },
  "210504L": {
    "genome_id": "GCA_900636475.1",
    "total_regions_tested": 1000,
    "promoters_detected": 325,
    "detection_rate": 0.325,
    "score_statistics": {
      "mean": -16.18148434864637,
      "std": 6.416153891435462,
      "max": -0.32558435686870135,
      "min": -35.1949287076129
    }
  },
  "210707L": {
    "genome_id": "GCA_900475505.1",
    "total_regions_tested": 999,
    "promoters_detected": 256,
    "detection_rate": 0.25625625625625625,
    "score_statistics": {
      "mean": -17.146074019361304,
      "std": 6.273336286952399,
      "max": -1.4383812805287683,
      "min": -43.19138819703941
    }
  },
  "210732H": {
    "genome_id": "GCA_019046945.1",
    "total_regions_tested": 1000,
    "promoters_detected": 345,
    "detection_rate": 0.345,
    "score_statistics": {
      "mean": -15.881642202495533,
      "std": 6.699841064383114,
      "max": -0.32558435686870135,
      "min": -43.411016806246174
    }
  }
}