{
  "genome_gc": 0.41508883030605503,
  "training_stats": {
    "mean": -0.7191947816811964,
    "std": 0.5482976988845424,
    "median": -0.7084988745892598,
    "min": -1.9540874555999435,
    "max": 0.0,
    "n": 99
  },
  "test_stats": {
    "mean": -16.171113407754188,
    "std": 6.453701818679506,
    "median": -17.336317483977542,
    "min": -35.28146830953313,
    "max": -8.537191877922924,
    "n": 1000
  },
  "background_methods": {
    "random_genome_gc": {
      "gc_content": 0.41508883030605503,
      "mean": -21.94025041612206,
      "std": 10.182113490605309,
      "threshold_2std": -1.5760234349114413,
      "threshold_3std": 8.606090055693866
    },
    "random_uniform": {
      "gc_content": 0.5,
      "mean": -26.490148237515648,
      "std": 10.508525433965065,
      "threshold_2std": -5.473097369585517,
      "threshold_3std": 5.035428064379548
    },
    "intergenic": {
      "gc_content": 0.3772916666666667,
      "mean": -20.17942566864272,
      "std": 10.650754487869197,
      "threshold_2std": 1.122083307095675,
      "threshold_3std": 11.772837794964872
    }
  },
  "thresholds": {
    "training_mean_minus_2std": -1.815790179450281,
    "background_mean_plus_2std": 1.122083307095675,
    "background_mean_plus_3std": 11.772837794964872,
    "background_95pct": -1.3866800132005808,
    "background_99pct": -0.26409759942609634,
    "static_current": -10.0
  },
  "test_detection_rates": {
    "training_mean_minus_2std": 0.0,
    "background_mean_plus_2std": 0.0,
    "background_mean_plus_3std": 0.0,
    "background_95pct": 0.0,
    "background_99pct": 0.0,
    "static_current": 0.345
  }
}